﻿<?xml version="1.0" encoding="UTF-8" standalone="yes"?>
<addon id="repository-xbmc-talk" name="XBMC Talk Add-on Repository" version="1.0" provider-name="xbmctalk.net">
	<extension point="xbmc.addon.repository" name="XBMC Talk Add-on Repository">
		<info compressed="false">http://github.com/xbmctalk/xbmc-talk-repo/raw/master/addons.xml</info>
		<checksum>http://github.com/xbmctalk/xbmc-talk-repo/raw/master/addons.xml.md5</checksum>
		<datadir zip="true">http://github.com/xbmctalk/xbmc-talk-repo/raw/master/</datadir>
	</extension>
	<extension point="xbmc.addon.metadata">
		<summary>XBMC Talk Add-on Repository</summary>
		<description>XBMC Talk Add-on Repository</description>
		<platform>all</platform>
	</extension>
</addon>

